train_loss,epoch,step
5.505776882171631,0,49
4.762027740478516,1,99
4.4864583015441895,2,149
4.337052822113037,3,199
4.2611799240112305,4,249
